userId,firstName,lastName,country,email
1,Sheryl,Baxter,Chile,zunigavanessa@smith.info
2,Preston,Lozano,Djibouti,vmata@colon.com
3,Roy,Berry,Antigua and Barbuda,beckycarr@hogan.com
4,Linda,Olsen,Dominican Republic,stanleyblackwell@benson.org
5,Joanna,Bender,Slovakia (Slovak Republic),colinalvarado@miles.net
6,Aimee,Downs,Bosnia and Herzegovina,louis27@gilbert.com
7,Darren,Peck,Pitcairn Islands,tgates@cantrell.com
8,Brett,Mullen,Bulgaria,asnow@colon.com
9,Sheryl,Meyers,Cyprus,mariokhan@ryan-pope.org
10,Michelle,Gallagher,Timor-Leste,mdyer@escobar.net
11,Carl,Schroeder,Guernsey,kirksalas@webb.com
12,Jenna,Dodson,Vietnam,mark42@robbins.com
13,Tracey,Mata,Togo,alex56@walls.org
14,Kristine,Cox,Sri Lanka,holdenmiranda@clarke.com
15,Faith,Lutz,Singapore,cassieparrish@blevins-chapman.net
16,Miranda,Beasley,Oman,vduncan@parks-hardy.com
17,Caroline,Foley,Western Sahara,holtgwendolyn@watson-davenport.com
18,Greg,Mata,Mozambique,jaredjuarez@carroll.org
19,Clifford,Jacobson,South Georgia and the South Sandwich Islands,joseph26@jacobson.com
20,Joanna,Kirk,French Polynesia,tuckerangie@salazar.net
21,Maxwell,Frye,Malta,fgibson@drake-webb.com
22,Kiara,Houston,Netherlands,blanchardbob@wallace-shannon.com
23,Colleen,Howard,Paraguay,rsingleton@ryan-cherry.com
24,Janet,Valenzuela,Lao People's Democratic Republic,stefanie71@spence.com
25,Shane,Wilcox,Albania,mariah88@santos.com
26,Marcus,Moody,Panama,donnamullins@norris-barrett.org
27,Dakota,Poole,Belarus,stacey67@fields.org
28,Frederick,Harper,Switzerland,jacobkhan@bright.biz
29,Stefanie,Fitzpatrick,Saint Vincent and the Grenadines,wterrell@clark.com
30,Kent,Bradshaw,Tanzania,qjimenez@boyd.com
31,Jack,Tate,Zimbabwe,gfigueroa@boone-zavala.com
32,Tom,Trujillo,Denmark,tapiagreg@beard.info
33,Gabriel,Mejia,Liechtenstein,coleolson@jennings.net
34,Kaitlyn,Santana,United States of America,georgeross@miles.org
35,Faith,Moon,Bahamas,willistonya@randolph-baker.com
36,Tammie,Haley,Belize,harrisisaiah@jenkins.com
37,Nicholas,Sosa,Uruguay,fwolfe@dorsey.com
38,Jordan,Gay,Solomon Islands,tiffanydavies@harris-mcfarland.org
39,Bruce,Esparza,Montenegro,preese@frye-vega.com
40,Sherry,Garza,Poland,ann48@miller.com
41,Natalie,Gentry,Dominican Republic,tcummings@fitzpatrick-ashley.com
42,Bryan,Dunn,Burkina Faso,woodwardandres@phelps.com
43,Wayne,Simpson,Bolivia,barbarapittman@holder.com
44,Luis,Greer,Bulgaria,bstuart@williamson-mcclure.com
45,Rhonda,Frost,Monaco,zkrueger@wolf-chavez.net
46,Joanne,Montes,Palau,juan80@henson.net
47,Geoffrey,Guzman,Uzbekistan,bauercrystal@gay.com
48,Gloria,Mccall,Ghana,bartlettjenna@zuniga-moss.biz
49,Brady,Cohen,United Arab Emirates,mccalltyrone@durham-rose.biz
50,Latoya,Mccann,Belarus,bobhammond@barry.biz
51,Gerald,Hawkins,Canada,uwarner@steele-arias.com
52,Samuel,Crawford,Algeria,xpittman@ritter-carney.net
53,Patricia,Goodwin,Swaziland,vaughanchristy@lara.biz
54,Stacie,Richard,Madagascar,clinton85@colon-arias.org
55,Robin,West,Ecuador,greenemiranda@zimmerman.com
56,Ralph,Haas,Palestinian Territory,goodmancesar@figueroa.biz
57,Phyllis,Maldonado,Saint Barthelemy,yhanson@warner-diaz.org
58,Danny,Parrish,United Arab Emirates,howelldarren@house-cohen.com
59,Kathy,Hill,South Georgia and the South Sandwich Islands,ncamacho@boone-simmons.org
60,Kelli,Hardy,Sao Tome and Principe,kristopher62@oliver.com
61,Lynn,Pham,Portugal,mpham@rios-guzman.com
62,Shelley,Harris,Togo,zachary96@mitchell-bryant.org
63,Eddie,Jimenez,Ethiopia,kristiwhitney@bernard.com
64,Chloe,Hutchinson,Netherlands,leah85@sutton-terrell.com
65,Eileen,Lynch,Liberia,levigiles@vincent.com
66,Fernando,Lambert,Lithuania,fisherlinda@schaefer.net
67,Makayla,Cannon,New Caledonia,scottcurtis@hurley.biz
68,Tom,Alvarado,Kiribati,nicholsonnina@montgomery.info
69,Virginia,Dudley,French Southern Territories,zvalencia@phelps.com
70,Riley,Good,Canada,alex06@galloway.com
71,Alexandria,Buck,Iran,lee48@manning.com
72,Richard,Roth,Morocco,aharper@maddox-townsend.org
73,Candice,Keller,Zimbabwe,buckleycory@odonnell.net
74,Anita,Benson,Russian Federation,angie04@oconnell.com
75,Regina,Stein,Solomon Islands,zrosario@rojas-hardin.net
76,Debra,Riddle,United States Virgin Islands,shieldskerry@robles.com
77,Brittany,Zuniga,Kyrgyz Republic,mchandler@cochran-huerta.org
78,Cassidy,Mcmahon,Myanmar,katrinalane@fitzgerald.com
79,Laurie,Pennington,Dominica,cookejill@powell.com
80,Alejandro,Blair,Iceland,elizabethbarr@ewing.com
81,Leslie,Jennings,Micronesia,corey75@wiggins.com
82,Kathleen,Mckay,Saint Vincent and the Grenadines,chloelester@higgins-wilkinson.com
83,Hunter,Moreno,Isle of Man,isaac26@benton-finley.com
84,Chad,Davidson,Oman,justinwalters@jimenez.com
85,Corey,Holt,Fiji,maurice46@morgan.com
86,Emma,Cunningham,New Zealand,walter83@juarez.org
87,Duane,Woods,Maldives,kmercer@wagner.com
88,Alison,Vargas,Benin,vcantu@norton.com
89,Vernon,Kane,Yemen,hilljesse@barrett.info
90,Lori,Flowers,Namibia,tyrone77@valenzuela.info
91,Nina,Chavez,Bhutan,elliserica@frank.com
92,Shane,Foley,Hungary,nsteele@sparks.com
93,Collin,Ayers,Anguilla,dudleyemily@gonzales.biz
94,Sherry,Young,Solomon Islands,alan79@gates-mclaughlin.com
95,Darrell,Douglas,Mali,grayjean@lowery-good.com
96,Karl,Greer,Guyana,hhart@jensen.com
97,Lynn,Atkinson,Sri Lanka,vkemp@ferrell.com
98,Fred,Guerra,Solomon Islands,swagner@kane.org
99,Yvonne,Farmer,Aruba,mccarthystephen@horn-green.biz
100,Clarence,Haynes,Honduras,colleen91@faulkner.biz
